outPutPlan(迁移之后的物理节点),finalMigVNFs,migratedsfcId,node_before_id_list,delay_before,delay_after,时延增量,reliability_before,reliability_after,可靠性增量,migration_time,cost
[6],[5],1,[5],208,224,16,1.677,2.311079,0.634079,5.383733,20.211143
[24],[15],6,[15],763,821,58,2.23,2.57448,0.34448,6.039889,64.86985
[6],[9],11,[18],360,386,24,3.58,4.029896,0.449896,5.287673,65.694697
[15],[20],12,[20],511,576,65,3.25,4.14873,0.89873,6.669241,65.659248
